ProductName,ProductPrice,MinOrder,YearsSelling,SellerName,ResponseRate,transaction_level,ProductLink,ProductImage,SellerLink
DO oem odm touch screen bluetooth smart intelligent watch,US$18.00-US$22.99,5 Pieces,5,"Shenzhen DO Intelligent Technology Co., Ltd.",91.2%,2,https://www.alibaba.com/product-detail/DO-oem-odm-touch-screen-bluetooth_62160158722.html?s=p,"<img src=""https://sc01.alicdn.com/kf/HTB1X1kFcBGw3KVjSZFDq6xWEpXaF/DO-oem-odm-touch-screen-bluetooth-smart.jpg_300x300.jpg"" height=""52""></img>","<a href=""https://www.alibaba.com/product-detail/DO-oem-odm-touch-screen-bluetooth_62160158722.html?s=p"">Shenzhen DO Intelligent Technology Co., Ltd.</a>"
Intelligent wearing solution OEM ODM children smart watch china smart watches manufacturer sport smart health bracelet,US$31.60-US$32.40,1 Piece,4,"Wo-Smart Technologies (Shenzhen) Co., Ltd.",94.8%,2,https://www.alibaba.com/product-detail/Intelligent-wearing-solution-OEM-ODM-children_62091998444.html?s=p,"<img src=""https://sc02.alicdn.com/kf/HLB1V3fbSNTpK1RjSZR0q6zEwXXac/Intelligent-wearing-solution-OEM-ODM-children-smart.jpg_300x300.jpg"" height=""52""></img>","<a href=""https://www.alibaba.com/product-detail/Intelligent-wearing-solution-OEM-ODM-children_62091998444.html?s=p"">Wo-Smart Technologies (Shenzhen) Co., Ltd.</a>"
SKMEI W30 IP67 Unisex Newest Intelligent heart rate smart watch android sports watches,US$27.81,5 Pieces,7,"Guangzhou Skmei Watch Co., Ltd.",88.9%,3.5,https://www.alibaba.com/product-detail/SKMEI-W30-IP67-Unisex-Newest-Intelligent_60817222935.html?s=p,"<img src=""https://sc01.alicdn.com/kf/HTB1gLTjXOfrK1RjSspbq6A4pFXay/SKMEI-W30-IP67-Unisex-Newest-Intelligent-heart.jpg_300x300.jpg"" height=""52""></img>","<a href=""https://www.alibaba.com/product-detail/SKMEI-W30-IP67-Unisex-Newest-Intelligent_60817222935.html?s=p"">Guangzhou Skmei Watch Co., Ltd.</a>"
2019 Fitness Intelligent Cheap GSM Sim Card Women Mobile Smart Watch,US$10.20-US$11.80,5 Pieces,1,"Shenzhen Lookcare Industry Co., Ltd.",100.0%,2.5,https://www.alibaba.com/product-detail/2019-Fitness-Intelligent-Cheap-GSM-Sim_62072369441.html?s=p,"<img src=""https://sc02.alicdn.com/kf/HTB1Q7d5X7L0gK0jSZFAq6AA9pXa3/2019-Fitness-Intelligent-Cheap-GSM-Sim-Card.jpg_300x300.jpg"" height=""52""></img>","<a href=""https://www.alibaba.com/product-detail/2019-Fitness-Intelligent-Cheap-GSM-Sim_62072369441.html?s=p"">Shenzhen Lookcare Industry Co., Ltd.</a>"
Luxury Touch Screen Camera Sleeping Monitor Intelligent Sports Watch,US$6.00-US$6.20,1 Piece,2,"Shenzhen Kuaigao Electronics Co., Ltd.",96.9%,2,https://www.alibaba.com/product-detail/Luxury-Touch-Screen-Camera-Sleeping-Monitor_62116586860.html?s=p,"<img src=""https://sc02.alicdn.com/kf/HLB15uZ.VwHqK1RjSZFkq6x.WFXa2/Luxury-Touch-Screen-Camera-Sleeping-Monitor-Intelligent.jpg_300x300.jpg"" height=""52""></img>","<a href=""https://www.alibaba.com/product-detail/Luxury-Touch-Screen-Camera-Sleeping-Monitor_62116586860.html?s=p"">Shenzhen Kuaigao Electronics Co., Ltd.</a>"
Fancytech Y21S Children Watch GPS SOS Intelligent Monitoring Calling Children's Smart Watch,US$3.80-US$7.72,2 Pieces,3,"Ningbo Fantastic International Trade Co., Ltd.",93.5%,3.5,https://www.alibaba.com/product-detail/Fancytech-Y21S-Children-Watch-GPS-SOS_62130677442.html,"<img src=""https://sc02.alicdn.com/kf/HTB1bq5pX8GE3KVjSZFhq6AkaFXaL/Fancytech-Y21S-Children-Watch-GPS-SOS-Intelligent.jpg_300x300.jpg"" height=""52""></img>","<a href=""https://www.alibaba.com/product-detail/Fancytech-Y21S-Children-Watch-GPS-SOS_62130677442.html"">Ningbo Fantastic International Trade Co., Ltd.</a>"
2019 New arrival Intelligent Sport Smart watch With Heart Blood Pressure Rate Sleep Monitoring Fashion smart Bracelet,US$11.80-US$12.80,5 Pieces,2,"Guangzhou Sansi Electronic Co., Ltd",92.9%,3,https://www.alibaba.com/product-detail/2019-New-arrival-Intelligent-Sport-Smart_62024527821.html,"<img src=""https://sc01.alicdn.com/kf/HTB1axO6J4jaK1RjSZFAq6zdLFXa6/2019-New-arrival-Intelligent-Sport-Smart-watch.jpg_300x300.jpg"" height=""52""></img>","<a href=""https://www.alibaba.com/product-detail/2019-New-arrival-Intelligent-Sport-Smart_62024527821.html"">Guangzhou Sansi Electronic Co., Ltd</a>"
Waterproof GPS WIFi kids Smart Watch Intelligent children Tracking Device watch for Baby,US$19.00,2 Pieces,14,"Shenzhen Letine Technology Co., Ltd.",87.5%,3.5,https://www.alibaba.com/product-detail/Waterproof-GPS-WIFi-kids-Smart-Watch_60691980508.html,"<img src=""https://sc01.alicdn.com/kf/HTB1K98obMoSMeJjSspaq6zMOFXas/Waterproof-GPS-WIFi-kids-Smart-Watch-Intelligent.jpg_300x300.jpg"" height=""52""></img>","<a href=""https://www.alibaba.com/product-detail/Waterproof-GPS-WIFi-kids-Smart-Watch_60691980508.html"">Shenzhen Letine Technology Co., Ltd.</a>"
Hot Sale M1 Smart Watch Android Watch Mobile Phone Intelligent Wrist Watch With Heart Rate Monitor Smartwatch,US$35.99-US$40.99,5 Pieces,5,"Shenzhen Twinkler Technology Co., Ltd.",91.9%,3,https://www.alibaba.com/product-detail/Hot-Sale-M1-Smart-Watch-Android_60170914523.html,"<img src=""https://sc02.alicdn.com/kf/HTB1UUsAVHvpK1RjSZPiq6zmwXXaV/Hot-Sale-M1-Smart-Watch-Android-Watch.jpg_300x300.jpg"" height=""52""></img>","<a href=""https://www.alibaba.com/product-detail/Hot-Sale-M1-Smart-Watch-Android_60170914523.html"">Shenzhen Twinkler Technology Co., Ltd.</a>"
hot selling Intelligent M2 sport watch bracelet smart watch fitness tracker smart watch Band,US$3.20-US$5.00,1 Piece,2,Liuzhou Chenglong Technology Company Limited,97.8%,3,https://www.alibaba.com/product-detail/hot-selling-Intelligent-M2-sport-watch_60778207653.html,"<img src=""https://sc02.alicdn.com/kf/HTB1XDFJXZfrK1RkSmLyq6xGApXa8/hot-selling-Intelligent-M2-sport-watch-bracelet.jpg_300x300.jpg"" height=""52""></img>","<a href=""https://www.alibaba.com/product-detail/hot-selling-Intelligent-M2-sport-watch_60778207653.html"">Liuzhou Chenglong Technology Company Limited</a>"
Fancytech Q12 Children Watch IP67 Waterproof SOS Intelligent Monitoring Calling Children's Smart Watch,US$5.28-US$10.98,2 Pieces,1,"Ningbo Fantastic International Trade Co., Ltd.",87.1%,3,https://www.alibaba.com/product-detail/Fancytech-Q12-Children-Watch-IP67-Waterproof_62126332843.html,"<img src=""https://sc01.alicdn.com/kf/HTB1m.bOXHus3KVjSZKbq6xqkFXaO/Fancytech-Q12-Children-Watch-IP67-Waterproof-SOS.jpg_300x300.jpg"" height=""52""></img>","<a href=""https://www.alibaba.com/product-detail/Fancytech-Q12-Children-Watch-IP67-Waterproof_62126332843.html"">Ningbo Fantastic International Trade Co., Ltd.</a>"
DZ09 Smart Watch GT08 U8 A1 SIM Intelligent mobile phone watch can record the sleep state Smart watch,US$3.60-US$4.99,50 Pieces,6,"Shenzhen Reborn Technology Co., Ltd.",80.5%,3.5,https://www.alibaba.com/product-detail/DZ09-Smart-Watch-GT08-U8-A1_60346392364.html,"<img src=""https://sc01.alicdn.com/kf/HTB1E5pFKMHqK1RjSZFEq6AGMXXag/DZ09-Smart-Watch-GT08-U8-A1-SIM.jpg_300x300.jpg"" height=""52""></img>","<a href=""https://www.alibaba.com/product-detail/DZ09-Smart-Watch-GT08-U8-A1_60346392364.html"">Shenzhen Reborn Technology Co., Ltd.</a>"
Wireless Smart Watch Q18 Intelligent Clock For Android Phone With Pedometer Camera SIM Card,US$3.15-US$6.12,10 Pieces,2,"Shenzhen Dike Technology Co., Ltd.",95.2%,3,https://www.alibaba.com/product-detail/Wireless-Smart-Watch-Q18-Intelligent-Clock_60744935755.html,"<img src=""https://sc01.alicdn.com/kf/HTB11drJfXuWBuNjSszbq6AS7FXaM/Wireless-Smart-Watch-Q18-Intelligent-Clock-For.jpg_300x300.jpg"" height=""52""></img>","<a href=""https://www.alibaba.com/product-detail/Wireless-Smart-Watch-Q18-Intelligent-Clock_60744935755.html"">Shenzhen Dike Technology Co., Ltd.</a>"
2018 Model X Popular Mens Smart Watch With Heart Rate Monitor Fitness Tracker Sport Bracelet Intelligent Watch,US$21.57-US$24.12,10 Pieces,3,"Shenzhen Rockefeller Investment Development Co., Ltd.",95.9%,3.5,https://www.alibaba.com/product-detail/2018-Model-X-Popular-Mens-Smart_60765320602.html,"<img src=""https://sc02.alicdn.com/kf/HTB12Kb3kZyYBuNkSnfoq6AWgVXa1/2018-Model-X-Popular-Mens-Smart-Watch.jpg_300x300.jpg"" height=""52""></img>","<a href=""https://www.alibaba.com/product-detail/2018-Model-X-Popular-Mens-Smart_60765320602.html"">Shenzhen Rockefeller Investment Development Co., Ltd.</a>"
Life waterproof GPS Kids Smart Watch Intelligent children Tracking Device watch,US$8.00-US$11.00,5 Pieces,1,"Shenzhen Lonnai Technology Co., Ltd.",92.0%,2.5,https://www.alibaba.com/product-detail/Life-waterproof-GPS-Kids-Smart-Watch_60844049663.html,"<img src=""https://sc01.alicdn.com/kf/HTB1hTSJXs_vK1Rjy0Foq6xIxVXab/Life-waterproof-GPS-Kids-Smart-Watch-Intelligent.jpg_300x300.jpg"" height=""52""></img>","<a href=""https://www.alibaba.com/product-detail/Life-waterproof-GPS-Kids-Smart-Watch_60844049663.html"">Shenzhen Lonnai Technology Co., Ltd.</a>"
2018 3G Android Sport Intelligent smart watch,US$45.00-US$50.00,5 Pieces,2,"Shenzhen Connectech Technology Co., Ltd.",92.5%,3,https://www.alibaba.com/product-detail/2018-3G-Android-Sport-Intelligent-smart_60815576711.html,"<img src=""https://sc02.alicdn.com/kf/HTB1CtlOXUrrK1RkSne1q6ArVVXap/2018-3G-Android-Sport-Intelligent-smart-watch.jpg_300x300.jpg"" height=""52""></img>","<a href=""https://www.alibaba.com/product-detail/2018-3G-Android-Sport-Intelligent-smart_60815576711.html"">Shenzhen Connectech Technology Co., Ltd.</a>"
Trendy Elegance Smart Watch 2019 Shenzhen Kingwear Intelligent Heart Rate Monitor Watch Reloj Inteligente Bluetooth Bracelet,US$9.90-US$13.00,20 Pieces,3,"Shenzhen Kingwear Intelligent Technology Co., Ltd.",91.1%,3,https://www.alibaba.com/product-detail/Trendy-Elegance-Smart-Watch-2019-Shenzhen_62112919314.html,"<img src=""https://sc01.alicdn.com/kf/HLB11hRxVkvoK1RjSZFNq6AxMVXae/Trendy-Elegance-Smart-Watch-2019-Shenzhen-Kingwear.jpg_300x300.jpg"" height=""52""></img>","<a href=""https://www.alibaba.com/product-detail/Trendy-Elegance-Smart-Watch-2019-Shenzhen_62112919314.html"">Shenzhen Kingwear Intelligent Technology Co., Ltd.</a>"
Amazon Hot smart watch 2018 intelligent monitoring waterproof smartwatch android for Bluetooth samsung galaxy s10 smartphone,US$1.00-US$6.20,10 Pieces,1,"Shenzhen Senpulian Information Technology Co., Ltd.",97.8%,1.5,https://www.alibaba.com/product-detail/Amazon-Hot-smart-watch-2018-intelligent_60832367485.html,"<img src=""https://sc02.alicdn.com/kf/HTB1x43BaizxK1Rjy1zkq6yHrVXam/Amazon-Hot-smart-watch-2018-intelligent-monitoring.jpg_300x300.jpg"" height=""52""></img>","<a href=""https://www.alibaba.com/product-detail/Amazon-Hot-smart-watch-2018-intelligent_60832367485.html"">Shenzhen Senpulian Information Technology Co., Ltd.</a>"
2019 Intelligent Smart Sport Watch for Women with Siri Voice assistant support IOS and Android,US$38.20-US$38.90,1 Piece,11,"Shenzhen Yoke Electronics Co., Ltd.",,3,https://www.alibaba.com/product-detail/2019-Intelligent-Smart-Sport-Watch-for_62071625355.html,"<img src=""https://sc01.alicdn.com/kf/HLB1NkV5QAvoK1RjSZFNq6AxMVXa1/2019-Intelligent-Smart-Sport-Watch-for-Women.jpg_300x300.jpg"" height=""52""></img>","<a href=""https://www.alibaba.com/product-detail/2019-Intelligent-Smart-Sport-Watch-for_62071625355.html"">Shenzhen Yoke Electronics Co., Ltd.</a>"
A1 Smart Watch Like GT08 U8 DZ09 Q18 SIM Intelligent Mobile Phone Watch ROHS CE Smartwatch,US$4.90-US$5.80,6 Pieces,2,"Xiamen Best Fortune Technology Co., Ltd.",87.1%,2.5,https://www.alibaba.com/product-detail/A1-Smart-Watch-Like-GT08-U8_60828262175.html,"<img src=""https://sc01.alicdn.com/kf/HTB1vhFTNhjaK1RjSZKz760VwXXaL/A1-Smart-Watch-Like-GT08-U8-DZ09.png_300x300.png"" height=""52""></img>","<a href=""https://www.alibaba.com/product-detail/A1-Smart-Watch-Like-GT08-U8_60828262175.html"">Xiamen Best Fortune Technology Co., Ltd.</a>"
Colmi Land1 Smart Clock Health intelligence Watch,US$19.50-US$21.50,10 Units,2,"Shenzhen ColMi Technology Co., Ltd.",94.5%,3,https://www.alibaba.com/product-detail/Colmi-Land1-Smart-Clock-Health-intelligence_62151343544.html,"<img src=""https://sc01.alicdn.com/kf/HTB1Q0jwbRWD3KVjSZFsq6AqkpXad/Colmi-Land1-Smart-Clock-Health-intelligence-Watch.jpg_300x300.jpg"" height=""52""></img>","<a href=""https://www.alibaba.com/product-detail/Colmi-Land1-Smart-Clock-Health-intelligence_62151343544.html"">Shenzhen ColMi Technology Co., Ltd.</a>"
New Sleep monitor real pedometer intelligent watch T8 smartwatch,US$5.50-US$6.50,10 Pieces,10,"Shenzhen Maxever Technology Co., Ltd.",89.8%,3.5,https://www.alibaba.com/product-detail/New-Sleep-monitor-real-pedometer-intelligent_62165674282.html,"<img src=""https://sc02.alicdn.com/kf/HTB1rR0ic8Cw3KVjSZFlq6AJkFXaP/New-Sleep-monitor-real-pedometer-intelligent-watch.jpg_300x300.jpg"" height=""52""></img>","<a href=""https://www.alibaba.com/product-detail/New-Sleep-monitor-real-pedometer-intelligent_62165674282.html"">Shenzhen Maxever Technology Co., Ltd.</a>"
Intelligent monitoring movement data sport watch 0.96 inch full color screen smart watch for morning runner,US$9.80-US$11.20,1 Piece,2,"Shenzhen Ein World Technology Co., Ltd.",75.0%,2,https://www.alibaba.com/product-detail/Intelligent-monitoring-movement-data-sport-watch_60829879040.html,"<img src=""https://sc01.alicdn.com/kf/HTB1uAeHafvsK1RjSspd763ZepXa3/Intelligent-monitoring-movement-data-sport-watch-0.png_300x300.png"" height=""52""></img>","<a href=""https://www.alibaba.com/product-detail/Intelligent-monitoring-movement-data-sport-watch_60829879040.html"">Shenzhen Ein World Technology Co., Ltd.</a>"
Q60 SOS kids smart watch Intelligent tracking Call kids watch 3g SOS GPS smart watch,US$12.50-US$16.50,1 Piece,3,"Shenzhen Great Asia Electronic Co., Ltd.",92.0%,3.5,https://www.alibaba.com/product-detail/Q60-SOS-kids-smart-watch-Intelligent_60673205788.html,"<img src=""https://sc01.alicdn.com/kf/HTB1WHEyRVXXXXcjXFXXq6xXFXXX9/Q60-SOS-kids-smart-watch-Intelligent-tracking.jpg_300x300.jpg"" height=""52""></img>","<a href=""https://www.alibaba.com/product-detail/Q60-SOS-kids-smart-watch-Intelligent_60673205788.html"">Shenzhen Great Asia Electronic Co., Ltd.</a>"
Waterproof GPS WIFi kids Smart Watch Intelligent children Tracking Device watch for Baby,US$19.50-US$23.00,10 Pieces,3,"Shenzhen Sentarsmart Technology Co., Ltd.",89.7%,3.5,https://www.alibaba.com/product-detail/Waterproof-GPS-WIFi-kids-Smart-Watch_62082230447.html,"<img src=""https://sc01.alicdn.com/kf/HLB1C3JxRIfpK1RjSZFOq6y6nFXat/Waterproof-GPS-WIFi-kids-Smart-Watch-Intelligent.jpg_300x300.jpg"" height=""52""></img>","<a href=""https://www.alibaba.com/product-detail/Waterproof-GPS-WIFi-kids-Smart-Watch_62082230447.html"">Shenzhen Sentarsmart Technology Co., Ltd.</a>"
Factory wholesale H5 Round Screen Female Intelligent Bracelet lady smart watch IP67 Waterproof smart bracelet fitness tracker,US$12.99-US$15.66,10 Pieces,5,"Shenzhen Sibotesi Technology Co., Ltd.",87.5%,3.5,https://www.alibaba.com/product-detail/Factory-wholesale-H5-Round-Screen-Female_62113454633.html,"<img src=""https://sc02.alicdn.com/kf/HLB1BBhQVhTpK1RjSZFKxh52wXXai/Factory-wholesale-H5-Round-Screen-Female-Intelligent.jpeg_300x300.jpeg"" height=""52""></img>","<a href=""https://www.alibaba.com/product-detail/Factory-wholesale-H5-Round-Screen-Female_62113454633.html"">Shenzhen Sibotesi Technology Co., Ltd.</a>"
GPS WIFi kids Smart Watch Intelligent children Tracking Device watch for Children,US$25.50-US$28.00,1 Unit,7,Shenzhen Leso Technology Company Ltd.,90.0%,2,https://www.alibaba.com/product-detail/GPS-WIFi-kids-Smart-Watch-Intelligent_60785378964.html,"<img src=""https://sc01.alicdn.com/kf/HTB1_g4TJr9YBuNjy0Fgq6AxcXXaG/GPS-WIFi-kids-Smart-Watch-Intelligent-children.jpg_300x300.jpg"" height=""52""></img>","<a href=""https://www.alibaba.com/product-detail/GPS-WIFi-kids-Smart-Watch-Intelligent_60785378964.html"">Shenzhen Leso Technology Company Ltd.</a>"
BTwear New spherical full circle display Bluetooth smart watch with touch screen blood pressure blood oxygen multi-sport fitness,US$17.63,1 Piece,1,"Shenzhen Jezz Life Technology Co., Ltd.",95.9%,3,https://www.alibaba.com/product-detail/BTwear-New-spherical-full-circle-display_62065377617.html,"<img src=""https://sc01.alicdn.com/kf/HTB1ZIXcdq5s3KVjSZFNq6AD3FXaF/BTwear-New-spherical-full-circle-display-Bluetooth.jpg_300x300.jpg"" height=""52""></img>","<a href=""https://www.alibaba.com/product-detail/BTwear-New-spherical-full-circle-display_62065377617.html"">Shenzhen Jezz Life Technology Co., Ltd.</a>"
Hot selling download app 2G SIM card Bluetooth Sport Smart Watch Dial Call Heart Rate Monitor intelligent clock M1S smart watch,US$40.39-US$45.95,50 Pieces,6,"Dongguan Aoke Electronic Co., Ltd.",98.2%,3.5,https://www.alibaba.com/product-detail/Hot-selling-download-app-2G-SIM_60629785084.html,"<img src=""https://sc01.alicdn.com/kf/HTB17dmpaEGF3KVjSZFmq6zqPXXak/Hot-selling-download-app-2G-SIM-card.jpg_300x300.jpg"" height=""52""></img>","<a href=""https://www.alibaba.com/product-detail/Hot-selling-download-app-2G-SIM_60629785084.html"">Dongguan Aoke Electronic Co., Ltd.</a>"
New Arrival Women diamond smart watch most beautiful intelligent wristband,US$26.00-US$32.00,1 Piece,5,"Shenzhen Carevery Technology Co., Ltd.",92.9%,3,https://www.alibaba.com/product-detail/New-Arrival-Women-diamond-smart-watch_60833637903.html,"<img src=""https://sc02.alicdn.com/kf/HTB1BOXQaDHuK1RkSndVq6xVwpXa2/New-Arrival-Women-diamond-smart-watch-most.jpg_300x300.jpg"" height=""52""></img>","<a href=""https://www.alibaba.com/product-detail/New-Arrival-Women-diamond-smart-watch_60833637903.html"">Shenzhen Carevery Technology Co., Ltd.</a>"
2019 Fitness Intelligent Sim Card Phone Watch Metal Frame Z6 Smart Watch With sport tracking,US$9.56-US$11.66,2 Pieces,1,"Jiangyin Bangde Network Information Technology Co., Ltd.",96.6%,2.5,https://www.alibaba.com/product-detail/2019-Fitness-Intelligent-Sim-Card-Phone_62140089898.html,"<img src=""https://sc02.alicdn.com/kf/HTB1YUsIaRKw3KVjSZTEq6AuRpXaj/2019-Fitness-Intelligent-Sim-Card-Phone-Watch.jpg_300x300.jpg"" height=""52""></img>","<a href=""https://www.alibaba.com/product-detail/2019-Fitness-Intelligent-Sim-Card-Phone_62140089898.html"">Jiangyin Bangde Network Information Technology Co., Ltd.</a>"
GPS WIFi kids Smart Watch Intelligent children Tracking Device watch for Children Baby Clock Gift,US$12.00-US$15.00,1 Set,4,"Shenzhen Wonlex Technology Co., Ltd.",87.2%,3,https://www.alibaba.com/product-detail/GPS-WIFi-kids-Smart-Watch-Intelligent_60373991617.html,"<img src=""https://sc01.alicdn.com/kf/HTB1AI.SxoR1BeNjy0Fmq6z0wVXa9/GPS-WIFi-kids-Smart-Watch-Intelligent-children.jpg_300x300.jpg"" height=""52""></img>","<a href=""https://www.alibaba.com/product-detail/GPS-WIFi-kids-Smart-Watch-Intelligent_60373991617.html"">Shenzhen Wonlex Technology Co., Ltd.</a>"
smart watch 2019 Intelligent smart watch I8 Heart Rate Monitor WiFi GPS 4G SIM Card 1GB+16GB smart phone watch 4g gps tracker,US$99.00,1 Piece,7,Shenzhen Topwelltech Limited,77.5%,3,https://www.alibaba.com/product-detail/smart-watch-2019-Intelligent-smart-watch_60841877264.html,"<img src=""https://sc01.alicdn.com/kf/HTB1a5_0azLuK1Rjy0Fhq6xpdFXad/smart-watch-2019-Intelligent-smart-watch-I8.jpg_300x300.jpg"" height=""52""></img>","<a href=""https://www.alibaba.com/product-detail/smart-watch-2019-Intelligent-smart-watch_60841877264.html"">Shenzhen Topwelltech Limited</a>"
newest waterproof touch screen with sim card Intelligent Wrist Watch Smart watch T8,US$7.20-US$8.00,1 Unit,5,"Shenzhen Gooky Technology Co., Ltd.",68.4%,3,https://www.alibaba.com/product-detail/newest-waterproof-touch-screen-with-sim_60630988536.html,"<img src=""https://sc01.alicdn.com/kf/HTB1CQWPQpXXXXX5XFXXq6xXFXXXi/newest-waterproof-touch-screen-with-sim-card.jpg_300x300.jpg"" height=""52""></img>","<a href=""https://www.alibaba.com/product-detail/newest-waterproof-touch-screen-with-sim_60630988536.html"">Shenzhen Gooky Technology Co., Ltd.</a>"
Winait H2 lady smart watch with Predict menstrual cycle intelligently digital watch,US$24.99-US$29.99,1 Piece,14,Winait Technologies Ltd.,86.0%,3,https://www.alibaba.com/product-detail/Winait-H2-lady-smart-watch-with_62035711577.html,"<img src=""https://sc01.alicdn.com/kf/HTB1kSrbL3HqK1RjSZFkq6x.WFXac/Winait-H2-lady-smart-watch-with-Predict.jpg_300x300.jpg"" height=""52""></img>","<a href=""https://www.alibaba.com/product-detail/Winait-H2-lady-smart-watch-with_62035711577.html"">Winait Technologies Ltd.</a>"
DZ09 Smart Watch GT08 U8 A1 SIM Intelligent mobile phone watch can record the sleep monitor Smart watch,US$5.50-US$6.80,1 Piece,10,"Shenzhen Sograce Technology Co., Ltd.",64.4%,2.5,https://www.alibaba.com/product-detail/DZ09-Smart-Watch-GT08-U8-A1_60711445964.html,"<img src=""https://sc01.alicdn.com/kf/HTB1XsorcZnI8KJjSspeq6AwIpXau/DZ09-Smart-Watch-GT08-U8-A1-SIM.jpg_300x300.jpg"" height=""52""></img>","<a href=""https://www.alibaba.com/product-detail/DZ09-Smart-Watch-GT08-U8-A1_60711445964.html"">Shenzhen Sograce Technology Co., Ltd.</a>"
DFEX17S new smartwatch non-charged ultra long standby 50 m waterproof luminous dial wearable devices intelligent wrist watches,US$9.00-US$10.00,10 Parcels,1,Dongguan Honest Power Industrial Co Ltd,,2,https://www.alibaba.com/product-detail/DFEX17S-new-smartwatch-non-charged-ultra_60832915543.html,"<img src=""https://sc01.alicdn.com/kf/HTB1JxhzatzvK1RkSnfoq6zMwVXaF/DFEX17S-new-smartwatch-non-charged-ultra-long.jpg_300x300.jpg"" height=""52""></img>","<a href=""https://www.alibaba.com/product-detail/DFEX17S-new-smartwatch-non-charged-ultra_60832915543.html"">Dongguan Honest Power Industrial Co Ltd</a>"
2018 Wholesale CE ROHS Bluetooth Intelligent Watch With 3D Pedometer,US$8.00-US$10.00,1 Piece,6,Shenzhen Spovan Technology Limited,94.8%,2.5,https://www.alibaba.com/product-detail/2018-Wholesale-CE-ROHS-Bluetooth-Intelligent_60806191901.html,"<img src=""https://sc02.alicdn.com/kf/HTB10fILXozrK1RjSspmq6AOdFXaq/2018-Wholesale-CE-ROHS-Bluetooth-Intelligent-Watch.jpg_300x300.jpg"" height=""52""></img>","<a href=""https://www.alibaba.com/product-detail/2018-Wholesale-CE-ROHS-Bluetooth-Intelligent_60806191901.html"">Shenzhen Spovan Technology Limited</a>"
Creatway A6 Smart Watch sport smartwatch Sports Step Intelligent Wearable Electronic Watch For Android,US$5.90-US$14.90,2 Pieces,4,"Shenzhen Creatway Industrial Co., Ltd.",100.0%,2,https://www.alibaba.com/product-detail/Creatway-A6-Smart-Watch-sport-smartwatch_62089354356.html,"<img src=""https://sc02.alicdn.com/kf/HLB14XaZSsbpK1RjSZFyq6x_qFXaR/Creatway-A6-Smart-Watch-sport-smartwatch-Sports.jpg_300x300.jpg"" height=""52""></img>","<a href=""https://www.alibaba.com/product-detail/Creatway-A6-Smart-Watch-sport-smartwatch_62089354356.html"">Shenzhen Creatway Industrial Co., Ltd.</a>"
Winait H2 lady smart watch with Predict menstrual cycle intelligently digital watch,US$25.99-US$29.99,1 Piece,6,Winait Technologies Limited,82.9%,2.5,https://www.alibaba.com/product-detail/Winait-H2-lady-smart-watch-with_62047745493.html,"<img src=""https://sc01.alicdn.com/kf/HTB1_KO6NMHqK1RjSZJnq6zNLpXad/Winait-H2-lady-smart-watch-with-Predict.jpg_300x300.jpg"" height=""52""></img>","<a href=""https://www.alibaba.com/product-detail/Winait-H2-lady-smart-watch-with_62047745493.html"">Winait Technologies Limited</a>"
Newest GPS Adult Watch Tracker Electronic Fence Intelligent Warning Smart Watch for Elderly,US$24.00-US$29.00,1 Set,1,"Shenzhen Tianzhicai Technology Co., Ltd.",100.0%,0.5,https://www.alibaba.com/product-detail/Newest-GPS-Adult-Watch-Tracker-Electronic_62064670014.html,"<img src=""https://sc01.alicdn.com/kf/HTB1Z9bZPbvpK1RjSZPiq6zmwXXaM/Newest-GPS-Adult-Watch-Tracker-Electronic-Fence.jpg_300x300.jpg"" height=""52""></img>","<a href=""https://www.alibaba.com/product-detail/Newest-GPS-Adult-Watch-Tracker-Electronic_62064670014.html"">Shenzhen Tianzhicai Technology Co., Ltd.</a>"
OEM CE ROHS Smart Watch Intelligent GPS watch kids digital wrist watch,US$1.00-US$6.00,1 Set,1,Liuzhou Chenglong Technology Company Limited,92.1%,2.5,https://www.alibaba.com/product-detail/OEM-CE-ROHS-Smart-Watch-Intelligent_60843127891.html,"<img src=""https://sc02.alicdn.com/kf/HTB1PUKWaOLxK1Rjy0Ff762YdVXa3/OEM-CE-ROHS-Smart-Watch-Intelligent-GPS.png_300x300.png"" height=""52""></img>","<a href=""https://www.alibaba.com/product-detail/OEM-CE-ROHS-Smart-Watch-Intelligent_60843127891.html"">Liuzhou Chenglong Technology Company Limited</a>"
DZ09 Bluetooth Smart Watch Touch Screen with Camera and SIM Card TF/SD Card Slot Pedometer Activity Tracker Intelligent Watch,US$4.89-US$6.50,4 Pieces,6,"Shenzhen Smart Concept Electronics Co., Ltd.",69.2%,3,https://www.alibaba.com/product-detail/DZ09-Bluetooth-Smart-Watch-Touch-Screen_60729364631.html,"<img src=""https://sc01.alicdn.com/kf/HTB1xi_VlJzJ8KJjSspkq6zF7VXaC/DZ09-Bluetooth-Smart-Watch-Touch-Screen-with.jpg_300x300.jpg"" height=""52""></img>","<a href=""https://www.alibaba.com/product-detail/DZ09-Bluetooth-Smart-Watch-Touch-Screen_60729364631.html"">Shenzhen Smart Concept Electronics Co., Ltd.</a>"
FITUP V06Pro China smart bracelet factory custom smartwatch intelligent watch osram sensor pedometer watch for women,US$30.70-US$33.40,1 Piece,4,"Wo-Smart Technologies (Shenzhen) Co., Ltd.",94.8%,2,https://www.alibaba.com/product-detail/FITUP-V06Pro-China-smart-bracelet-factory_62093820445.html,"<img src=""https://sc02.alicdn.com/kf/HLB1QRe_SHPpK1RjSZFFq6y5PpXaf/FITUP-V06Pro-China-smart-bracelet-factory-custom.jpg_300x300.jpg"" height=""52""></img>","<a href=""https://www.alibaba.com/product-detail/FITUP-V06Pro-China-smart-bracelet-factory_62093820445.html"">Wo-Smart Technologies (Shenzhen) Co., Ltd.</a>"
New Cheap Bluetooth Smart Watch Intelligent Smart Band gt08,US$4.00-US$6.80,1 Piece,3,Guangxi Harvest Import Export Company Limited,68.9%,2.5,https://www.alibaba.com/product-detail/New-Cheap-Bluetooth-Smart-Watch-Intelligent_62015229846.html,"<img src=""https://sc01.alicdn.com/kf/HTB1CZ3gbe6sK1RjSsrb760bDXXaw/New-Cheap-Bluetooth-Smart-Watch-Intelligent-Smart.png_300x300.png"" height=""52""></img>","<a href=""https://www.alibaba.com/product-detail/New-Cheap-Bluetooth-Smart-Watch-Intelligent_62015229846.html"">Guangxi Harvest Import Export Company Limited</a>"
Amazon High Quality android 2019 intelligent monitoring waterproof smart watch,US$15.50-US$18.50,3 Pieces,2,"Shenzhen Rongfengyuan Technology Co., Ltd.",95.0%,2.5,https://www.alibaba.com/product-detail/Amazon-High-Quality-android-2019-intelligent_62076022132.html,"<img src=""https://sc02.alicdn.com/kf/HLB1mezlX2c3T1VjSZLe762ZsVXaS/Amazon-High-Quality-android-2019-intelligent-monitoring.png_300x300.png"" height=""52""></img>","<a href=""https://www.alibaba.com/product-detail/Amazon-High-Quality-android-2019-intelligent_62076022132.html"">Shenzhen Rongfengyuan Technology Co., Ltd.</a>"
Children's watch IP67 waterproof SOS intelligent monitoring call children's smart watch,US$2.29-US$10.49,2 Pairs,1,"Shenzhen Winning Song Electronic Technology Co., Ltd.",100.0%,0.5,https://www.alibaba.com/product-detail/Children-s-watch-IP67-waterproof-SOS_62223823598.html,"<img src=""https://sc02.alicdn.com/kf/H8b816ff07ee2431ca7e64ef2f98795616/Children-s-watch-IP67-waterproof-SOS-intelligent.jpg_300x300.jpg"" height=""52""></img>","<a href=""https://www.alibaba.com/product-detail/Children-s-watch-IP67-waterproof-SOS_62223823598.html"">Shenzhen Winning Song Electronic Technology Co., Ltd.</a>"
Intelligent mobile phone watch waterproof sos gps anti-lost Wholesale smart watch with camera SIM card for kids .,US$18.80-US$24.90,1 Piece,2,"Shanghai Sendo Electronic Technology Co., Ltd.",93.0%,1.5,https://www.alibaba.com/product-detail/Intelligent-mobile-phone-watch-waterproof-sos_60837305305.html,"<img src=""https://sc02.alicdn.com/kf/HTB1sssiaEvrK1RjSszfq6xJNVXai/Intelligent-mobile-phone-watch-waterproof-sos-gps.jpg_300x300.jpg"" height=""52""></img>","<a href=""https://www.alibaba.com/product-detail/Intelligent-mobile-phone-watch-waterproof-sos_60837305305.html"">Shanghai Sendo Electronic Technology Co., Ltd.</a>"
New Arrival Touch Screen Water Resistant Smart Shenzhen Intelligent Watch,US$6.00-US$6.20,1 Piece,2,"Shenzhen Kuaigao Electronics Co., Ltd.",96.9%,2,https://www.alibaba.com/product-detail/New-Arrival-Touch-Screen-Water-Resistant_62116421049.html,"<img src=""https://sc02.alicdn.com/kf/HLB1wME0VCzqK1RjSZFjq6zlCFXaC/New-Arrival-Touch-Screen-Water-Resistant-Smart.jpg_300x300.jpg"" height=""52""></img>","<a href=""https://www.alibaba.com/product-detail/New-Arrival-Touch-Screen-Water-Resistant_62116421049.html"">Shenzhen Kuaigao Electronics Co., Ltd.</a>"
China Hot Sale 3G Intelligence Android 5.1 Smart Phone Watch with GPS Location Weather Forecast Function,US$68.00-US$75.00,1 Piece,11,Shenzhen Golden Jade Electronic Industrial Ltd.,80.0%,2.5,https://www.alibaba.com/product-detail/China-Hot-Sale-3G-Intelligence-Android_60826560846.html,"<img src=""https://sc01.alicdn.com/kf/HTB1qUEcKeuSBuNjSsziq6zq8pXaf/China-Hot-Sale-3G-Intelligence-Android-5.jpg_300x300.jpg"" height=""52""></img>","<a href=""https://www.alibaba.com/product-detail/China-Hot-Sale-3G-Intelligence-Android_60826560846.html"">Shenzhen Golden Jade Electronic Industrial Ltd.</a>"
Wholesale wearable device A6 Smart Watch Sports Meter Step Intelligent Wearable Electronic Watch For Android,US$7.68-US$9.99,1 Piece,2,"Liuzhou Duogu Trading Co., Ltd.",91.6%,2,https://www.alibaba.com/product-detail/Wholesale-wearable-device-A6-Smart-Watch_62094245133.html,"<img src=""https://sc02.alicdn.com/kf/HLB1kHJxS4TpK1RjSZFMq6zG_VXa8/Wholesale-wearable-device-A6-Smart-Watch-Sports.jpg_300x300.jpg"" height=""52""></img>","<a href=""https://www.alibaba.com/product-detail/Wholesale-wearable-device-A6-Smart-Watch_62094245133.html"">Liuzhou Duogu Trading Co., Ltd.</a>"
Smart Wrist Band Heart Rate Blood Pressure Oxygen Oximeter Sport Bracelet Watch Intelligent for iOS Android,US$15.60-US$17.50,1 Piece,1,"Shenzhen PassionRich Technology Co., Ltd.",,0.5,https://www.alibaba.com/product-detail/Smart-Wrist-Band-Heart-Rate-Blood_60832791847.html,"<img src=""https://sc02.alicdn.com/kf/HTB1iJwuah2rK1RkSnhJq6ykdpXar/Smart-Wrist-Band-Heart-Rate-Blood-Pressure.jpg_300x300.jpg"" height=""52""></img>","<a href=""https://www.alibaba.com/product-detail/Smart-Wrist-Band-Heart-Rate-Blood_60832791847.html"">Shenzhen PassionRich Technology Co., Ltd.</a>"
hot sale K88H smart watch android watch mobile phone intelligent wrist watch with heart rate monitor smartwatch,US$33.00-US$40.00,1 Piece,2,"Shenzhen Vidhon Technology Co., Ltd.",87.8%,3,https://www.alibaba.com/product-detail/hot-sale-K88H-smart-watch-android_60749453571.html,"<img src=""https://sc01.alicdn.com/kf/HTB1i.DjjH9YBuNjy0Fgq6AxcXXa7/hot-sale-K88H-smart-watch-android-watch.jpg_300x300.jpg"" height=""52""></img>","<a href=""https://www.alibaba.com/product-detail/hot-sale-K88H-smart-watch-android_60749453571.html"">Shenzhen Vidhon Technology Co., Ltd.</a>"
2019 hot sale fashion intelligence watch man Android A1 bluetooth smart watch,US$5.50-US$6.20,5 Pieces,1,"Shenzhen Himtop Technology Co., Ltd.",89.3%,2.5,https://www.alibaba.com/product-detail/2019-hot-sale-fashion-intelligence-watch_50044850093.html,"<img src=""https://sc02.alicdn.com/kf/UTB81EOSkTzIXKJkSafVq6yWgXXa2/2019-hot-sale-fashion-intelligence-watch-man.jpg_300x300.jpg"" height=""52""></img>","<a href=""https://www.alibaba.com/product-detail/2019-hot-sale-fashion-intelligence-watch_50044850093.html"">Shenzhen Himtop Technology Co., Ltd.</a>"
GPS WIFi Kids Smart Watch Intelligent Children Tracking Device 3g Kids GPS Watch Waterproof,US$30.00-US$37.00,1 Piece,12,"Shenzhen Sentar Technology Co., Ltd.",83.8%,2.5,https://www.alibaba.com/product-detail/GPS-WIFi-Kids-Smart-Watch-Intelligent_60793788508.html,"<img src=""https://sc02.alicdn.com/kf/HTB1p_nstRjTBKNjSZFNq6ysFXXaO/GPS-WIFi-Kids-Smart-Watch-Intelligent-Children.jpg_300x300.jpg"" height=""52""></img>","<a href=""https://www.alibaba.com/product-detail/GPS-WIFi-Kids-Smart-Watch-Intelligent_60793788508.html"">Shenzhen Sentar Technology Co., Ltd.</a>"
QW08 Remote Camera Pedometer Android Waterproof Intelligent Selfie Touch Screen Smart Watch,US$31.80-US$35.30,1 Piece,2,"Guizhou Changrong Jiahe Technology Co., Ltd.",95.1%,2.5,https://www.alibaba.com/product-detail/QW08-Remote-Camera-Pedometer-Android-Waterproof_60837684738.html,"<img src=""https://sc02.alicdn.com/kf/HTB1QSf_ayLrK1Rjy1zdq6ynnpXaS/QW08-Remote-Camera-Pedometer-Android-Waterproof-Intelligent.jpg_300x300.jpg"" height=""52""></img>","<a href=""https://www.alibaba.com/product-detail/QW08-Remote-Camera-Pedometer-Android-Waterproof_60837684738.html"">Guizhou Changrong Jiahe Technology Co., Ltd.</a>"
DZ09 Smart Watch SIM Intelligent mobile phone watch can record the sleep state Smart watch,US$4.50-US$5.60,10 Pieces,2,Shenzhen Magical Century Electronic Technology Company Limited,95.2%,2.5,https://www.alibaba.com/product-detail/DZ09-Smart-Watch-SIM-Intelligent-mobile_60715204392.html,"<img src=""https://sc01.alicdn.com/kf/HTB1KXYDd7fb_uJjSsrbq6z6bVXam/DZ09-Smart-Watch-SIM-Intelligent-mobile-phone.jpg_300x300.jpg"" height=""52""></img>","<a href=""https://www.alibaba.com/product-detail/DZ09-Smart-Watch-SIM-Intelligent-mobile_60715204392.html"">Shenzhen Magical Century Electronic Technology Company Limited</a>"
2019 Hot Selling Intelligent Fitness Tracking Sport Smart Watch Q18 With Sleep Monitoring And Pedometer,US$3.69-US$3.84,500 Pieces,2,Shenzhen XRD Electronic Technology Limited,93.9%,2.5,https://www.alibaba.com/product-detail/2019-Hot-Selling-Intelligent-Fitness-Tracking_62078304118.html,"<img src=""https://sc02.alicdn.com/kf/HLB1SSIHQ9zqK1RjSZPcq6zTepXaJ/2019-Hot-Selling-Intelligent-Fitness-Tracking-Sport.jpg_300x300.jpg"" height=""52""></img>","<a href=""https://www.alibaba.com/product-detail/2019-Hot-Selling-Intelligent-Fitness-Tracking_62078304118.html"">Shenzhen XRD Electronic Technology Limited</a>"
YQT Waterproof cheap kids tracker watch intelligent LBS Tracking smart watch watch for kids-Q12,US$5.72,2 Pieces,10,Shenzhen YQT Electronic Technology Company Ltd.,69.6%,3,https://www.alibaba.com/product-detail/YQT-Waterproof-cheap-kids-tracker-watch_60823804254.html,"<img src=""https://sc01.alicdn.com/kf/HTB1_XF7ba61gK0jSZFl760DKFXaS/YQT-Waterproof-cheap-kids-tracker-watch-intelligent.png_300x300.png"" height=""52""></img>","<a href=""https://www.alibaba.com/product-detail/YQT-Waterproof-cheap-kids-tracker-watch_60823804254.html"">Shenzhen YQT Electronic Technology Company Ltd.</a>"
Free Shipping Sport smart bracelet IP67 Anti-lost Blood pressure heart rate monitoring intelligence bluetooth watch ID115 plus,US$6.00-US$6.30,5 Pieces,1,"Shenzhen Inin Watch Technology Co., Ltd.",98.3%,2,https://www.alibaba.com/product-detail/Free-Shipping-Sport-smart-bracelet-IP67_62134526563.html,"<img src=""https://sc01.alicdn.com/kf/HTB1KmesaEGF3KVjSZFoq6zmpFXa7/Free-Shipping-Sport-smart-bracelet-IP67-Anti.jpg_300x300.jpg"" height=""52""></img>","<a href=""https://www.alibaba.com/product-detail/Free-Shipping-Sport-smart-bracelet-IP67_62134526563.html"">Shenzhen Inin Watch Technology Co., Ltd.</a>"
Intelligent smart Bracelet sport smartwatch ID115 M3 M3C bluetooth MAN smart watch 2019 robot intelligent,US$1.20-US$7.00,1 Set,2,"Shenzhen Caboren Trading Co., Ltd.",95.3%,2.5,https://www.alibaba.com/product-detail/Intelligent-smart-Bracelet-sport-smartwatch-ID115_62215899030.html,"<img src=""https://sc01.alicdn.com/kf/HTB1vabNaRr0gK0jSZFnq6zRRXXa6/Intelligent-smart-Bracelet-sport-smartwatch-ID115-M3.jpg_300x300.jpg"" height=""52""></img>","<a href=""https://www.alibaba.com/product-detail/Intelligent-smart-Bracelet-sport-smartwatch-ID115_62215899030.html"">Shenzhen Caboren Trading Co., Ltd.</a>"
GPS WIFi kids Smart Watch Intelligent children Tracking Device watch for Children Baby Clock Gift SMA-M2,US$23.00-US$32.00,1 Piece,4,Shenzhen Smart Care Technology Limited,89.3%,2.5,https://www.alibaba.com/product-detail/GPS-WIFi-kids-Smart-Watch-Intelligent_60728749275.html,"<img src=""https://sc01.alicdn.com/kf/HTB1Kt9iv7CWBuNjy0Faq6xUlXXaV/GPS-WIFi-kids-Smart-Watch-Intelligent-children.jpg_300x300.jpg"" height=""52""></img>","<a href=""https://www.alibaba.com/product-detail/GPS-WIFi-kids-Smart-Watch-Intelligent_60728749275.html"">Shenzhen Smart Care Technology Limited</a>"
Best sale support 2g Gsm Intelligent mobile phone GPS Smart Watch,US$6.60-US$7.80,1 Piece,1,"Shenzhen Aojiao Technology Co., Ltd.",95.8%,1.5,https://www.alibaba.com/product-detail/Best-sale-support-2g-Gsm-Intelligent_62094717674.html,"<img src=""https://sc02.alicdn.com/kf/HLB1dAPqS9zqK1RjSZPcq6zTepXaD/Best-sale-support-2g-Gsm-Intelligent-mobile.jpg_300x300.jpg"" height=""52""></img>","<a href=""https://www.alibaba.com/product-detail/Best-sale-support-2g-Gsm-Intelligent_62094717674.html"">Shenzhen Aojiao Technology Co., Ltd.</a>"
Original New Lenovo Smart Watch S Fashion Quartz Watches Intelligent Reminder 50M Waterproof Life Sports Smartwatch,US$23.99-US$30.99,100 Pieces,1,"Shenzhen Asia-Pacific Ding Cheng Tech. Co., Ltd.",,0.5,https://www.alibaba.com/product-detail/Original-New-Lenovo-Smart-Watch-S_62111249250.html,"<img src=""https://sc01.alicdn.com/kf/HLB1hOF.U3HqK1RjSZFgq6y7JXXaZ/Original-New-Lenovo-Smart-Watch-S-Fashion.jpg_300x300.jpg"" height=""52""></img>","<a href=""https://www.alibaba.com/product-detail/Original-New-Lenovo-Smart-Watch-S_62111249250.html"">Shenzhen Asia-Pacific Ding Cheng Tech. Co., Ltd.</a>"
Factory Hot Sale Outdoor Long Days Standby Smart Watch Intelligent Watch Chinese Mens Watches,US$32.00-US$34.00,1 Piece,1,"Shenzhen Xinkeying Digital Co., Limited",,3,https://www.alibaba.com/product-detail/Factory-Hot-Sale-Outdoor-Long-Days_60840804305.html,"<img src=""https://sc02.alicdn.com/kf/HTB1kgKSaODxK1Rjy1zcq6yGeXXai/Factory-Hot-Sale-Outdoor-Long-Days-Standby.jpg_300x300.jpg"" height=""52""></img>","<a href=""https://www.alibaba.com/product-detail/Factory-Hot-Sale-Outdoor-Long-Days_60840804305.html"">Shenzhen Xinkeying Digital Co., Limited</a>"
Best-selling smart watch 4g color belt 1.44' ips touch screen waterproof sports intelligent multi-language watch,US$27.50-US$47.50,1 Set,1,"Shenzhen Panjia Industrial Co., Ltd.",98.3%,1,https://www.alibaba.com/product-detail/Best-selling-smart-watch-4g-color_62089968516.html,"<img src=""https://sc01.alicdn.com/kf/HLB1vM6TSzTpK1RjSZKP7613UpXa6/Best-selling-smart-watch-4g-color-belt.png_300x300.png"" height=""52""></img>","<a href=""https://www.alibaba.com/product-detail/Best-selling-smart-watch-4g-color_62089968516.html"">Shenzhen Panjia Industrial Co., Ltd.</a>"
intelligent wrist watch dz09 sim card smart watch phone dz09 smart watch,US$4.90-US$5.50,20 Pieces,4,"Shenzhen Lemons SLMM Technology Co., Ltd.",87.0%,2.5,https://www.alibaba.com/product-detail/intelligent-wrist-watch-dz09-sim-card_60481118050.html,"<img src=""https://sc01.alicdn.com/kf/HTB1NQMsXdfvK1RjSspf762zXFXaj/intelligent-wrist-watch-dz09-sim-card-smart.png_300x300.png"" height=""52""></img>","<a href=""https://www.alibaba.com/product-detail/intelligent-wrist-watch-dz09-sim-card_60481118050.html"">Shenzhen Lemons SLMM Technology Co., Ltd.</a>"
New Product of Intelligent Smart Baby Watch With SIM,US$18.88-US$30.46,1 Piece,3,"Flydragon (Xiamen) Technology Co., Ltd.",95.2%,3,https://www.alibaba.com/product-detail/New-Product-of-Intelligent-Smart-Baby_60854381693.html,"<img src=""https://sc01.alicdn.com/kf/HTB14zWqXZ_vK1Rjy0Foq6xIxVXa8/New-Product-of-Intelligent-Smart-Baby-Watch.jpg_300x300.jpg"" height=""52""></img>","<a href=""https://www.alibaba.com/product-detail/New-Product-of-Intelligent-Smart-Baby_60854381693.html"">Flydragon (Xiamen) Technology Co., Ltd.</a>"
2019 best selling item of Cheertone intelligent children watch,US$9.00-US$14.89,1 Piece,13,"Shenzhen Cheertone Technology Co., Ltd.",100.0%,2.5,https://www.alibaba.com/product-detail/2019-best-selling-item-of-Cheertone_62040648794.html,"<img src=""https://sc02.alicdn.com/kf/HTB14Zj_MMHqK1RjSZFEq6AGMXXaY/2019-best-selling-item-of-Cheertone-intelligent.jpg_300x300.jpg"" height=""52""></img>","<a href=""https://www.alibaba.com/product-detail/2019-best-selling-item-of-Cheertone_62040648794.html"">Shenzhen Cheertone Technology Co., Ltd.</a>"
2018 Hot Selling Waterproof digital fitness watch Android Intelligent Bluetooth custom fitness watch,US$20.80-US$28.00,1 Piece,2,"Shenzhen Qihuaxing Optoelectronic Technology Co., Ltd.",93.8%,2,https://www.alibaba.com/product-detail/2018-Hot-Selling-Waterproof-digital-fitness_60811684696.html,"<img src=""https://sc02.alicdn.com/kf/HTB1koCuXyDxK1Rjy1zcq6yGeXXaJ/2018-Hot-Selling-Waterproof-digital-fitness-watch.jpg_300x300.jpg"" height=""52""></img>","<a href=""https://www.alibaba.com/product-detail/2018-Hot-Selling-Waterproof-digital-fitness_60811684696.html"">Shenzhen Qihuaxing Optoelectronic Technology Co., Ltd.</a>"
Amazon Hottest Selling M3 Waterproof Intelligent Bracelet Multifunction Smart Watch,US$8.70-US$9.70,10 Pieces,1,"Shenzhen Viyi Electronics Technology Co., Ltd.",87.9%,2.5,https://www.alibaba.com/product-detail/Amazon-Hottest-Selling-M3-Waterproof-Intelligent_62084943010.html,"<img src=""https://sc02.alicdn.com/kf/HLB1mQ6ERSzqK1RjSZFjq6zlCFXa0/Amazon-Hottest-Selling-M3-Waterproof-Intelligent-Bracelet.jpg_300x300.jpg"" height=""52""></img>","<a href=""https://www.alibaba.com/product-detail/Amazon-Hottest-Selling-M3-Waterproof-Intelligent_62084943010.html"">Shenzhen Viyi Electronics Technology Co., Ltd.</a>"
